G100|北京|上海|06:40|11:24|4h44min|二等座,0.4,142;一等座,0.7,44;商务座,1.35,12|北京,-,06:40,1,0;济南,08:05,08:09,2,410;南京,10:14,10:19,3,620;上海,11:24,-,4,300
G101|北京|上海|07:25|12:14|4h49min|二等座,0.41,138;一等座,0.72,43;商务座,1.35,12|北京,-,07:25,1,0;济南,08:51,08:56,2,410;南京,11:02,11:08,3,620;上海,12:14,-,4,300
G102|北京|上海|08:10|13:00|4h50min|二等座,0.42,132;一等座,0.7,42;商务座,1.35,11|北京,-,08:10,1,0;济南,09:37,09:43,2,410;南京,11:50,11:53,3,620;上海,13:00,-,4,300
G103|北京|上海|08:55|13:37|4h42min|二等座,0.4,130;一等座,0.72,41;商务座,1.35,11|北京,-,08:55,1,0;济南,10:20,10:23,2,410;南京,12:28,12:32,3,620;上海,13:37,-,4,300
G104|北京|上海|09:40|14:27|4h47min|二等座,0.41,126;一等座,0.7,40;商务座,1.35,10|北京,-,09:40,1,0;济南,11:06,11:10,2,410;南京,13:16,13:21,3,620;上海,14:27,-,4,300
G105|北京|上海|10:25|15:17|4h52min|二等座,0.42,122;一等座,0.72,39;商务座,1.35,10|北京,-,10:25,1,0;济南,11:52,11:57,2,410;南京,14:04,14:10,3,620;上海,15:17,-,4,300
G106|北京|上海|11:10|15:54|4h44min|二等座,0.4,118;一等座,0.7,38;商务座,1.35,9|北京,-,11:10,1,0;济南,12:35,12:41,2,410;南京,14:46,14:49,3,620;上海,15:54,-,4,300
G107|北京|上海|11:55|16:40|4h45min|二等座,0.41,114;一等座,0.72,37;商务座,1.35,9|北京,-,11:55,1,0;济南,13:21,13:24,2,410;南京,15:30,15:34,3,620;上海,16:40,-,4,300
G108|北京|上海|12:40|17:30|4h50min|二等座,0.42,110;一等座,0.7,36;商务座,1.35,8|北京,-,12:40,1,0;济南,14:07,14:11,2,410;南京,16:18,16:23,3,620;上海,17:30,-,4,300
G109|北京|上海|13:25|18:11|4h46min|二等座,0.4,106;一等座,0.72,35;商务座,1.35,8|北京,-,13:25,1,0;济南,14:50,14:55,2,410;南京,17:00,17:06,3,620;上海,18:11,-,4,300
G200|北京|青岛|07:10|10:47|3h37min|二等座,0.4,140;一等座,0.7,44;商务座,1.35,12|北京,-,07:10,1,0;天津,07:42,07:46,2,120;济南,09:16,09:21,3,410;青岛,10:47,-,4,390
G201|北京|青岛|07:55|11:37|3h42min|二等座,0.41,138;一等座,0.72,43;商务座,1.35,12|北京,-,07:55,1,0;天津,08:28,08:33,2,120;济南,10:04,10:10,3,410;青岛,11:37,-,4,390
G202|北京|青岛|08:40|12:23|3h43min|二等座,0.42,134;一等座,0.7,42;商务座,1.35,11|北京,-,08:40,1,0;天津,09:14,09:20,2,120;济南,10:52,10:55,3,410;青岛,12:23,-,4,390
G203|北京|青岛|09:25|13:00|3h35min|二等座,0.4,130;一等座,0.72,41;商务座,1.35,11|北京,-,09:25,1,0;天津,09:57,10:00,2,120;济南,11:30,11:34,3,410;青岛,13:00,-,4,390
G204|北京|青岛|10:10|13:50|3h40min|二等座,0.41,126;一等座,0.7,40;商务座,1.35,10|北京,-,10:10,1,0;天津,10:43,10:47,2,120;济南,12:18,12:23,3,410;青岛,13:50,-,4,390
G205|北京|青岛|10:55|14:40|3h45min|二等座,0.42,122;一等座,0.72,39;商务座,1.35,10|北京,-,10:55,1,0;天津,11:29,11:34,2,120;济南,13:06,13:12,3,410;青岛,14:40,-,4,390
G206|北京|青岛|11:40|15:17|3h37min|二等座,0.4,118;一等座,0.7,38;商务座,1.35,9|北京,-,11:40,1,0;天津,12:12,12:18,2,120;济南,13:48,13:51,3,410;青岛,15:17,-,4,390
G207|北京|青岛|12:25|16:03|3h38min|二等座,0.41,114;一等座,0.72,37;商务座,1.35,9|北京,-,12:25,1,0;天津,12:58,13:01,2,120;济南,14:32,14:36,3,410;青岛,16:03,-,4,390
G208|北京|青岛|13:10|16:53|3h43min|二等座,0.42,110;一等座,0.7,36;商务座,1.35,8|北京,-,13:10,1,0;天津,13:44,13:48,2,120;济南,15:20,15:25,3,410;青岛,16:53,-,4,390
G209|北京|青岛|13:55|17:34|3h39min|二等座,0.4,106;一等座,0.72,35;商务座,1.35,8|北京,-,13:55,1,0;天津,14:27,14:32,2,120;济南,16:02,16:08,3,410;青岛,17:34,-,4,390
G300|北京|广州|07:00|14:23|7h23min|二等座,0.4,142;一等座,0.7,44;商务座,1.35,12|北京,-,07:00,1,0;郑州,09:18,09:22,2,690;武汉,11:06,11:11,3,510;广州,14:23,-,4,980
G301|北京|广州|07:45|15:13|7h28min|二等座,0.41,138;一等座,0.72,43;商务座,1.35,12|北京,-,07:45,1,0;郑州,10:04,10:09,2,690;武汉,11:54,12:00,3,510;广州,15:13,-,4,980
G302|北京|广州|08:30|15:59|7h29min|二等座,0.42,134;一等座,0.7,42;商务座,1.35,11|北京,-,08:30,1,0;郑州,10:50,10:56,2,690;武汉,12:42,12:45,3,510;广州,15:59,-,4,980
G303|北京|广州|09:15|16:36|7h21min|二等座,0.4,130;一等座,0.72,41;商务座,1.35,11|北京,-,09:15,1,0;郑州,11:33,11:36,2,690;武汉,13:20,13:24,3,510;广州,16:36,-,4,980
G304|北京|广州|10:00|17:26|7h26min|二等座,0.41,126;一等座,0.7,40;商务座,1.35,10|北京,-,10:00,1,0;郑州,12:19,12:23,2,690;武汉,14:08,14:13,3,510;广州,17:26,-,4,980
G305|北京|广州|10:45|18:16|7h31min|二等座,0.42,122;一等座,0.72,39;商务座,1.35,10|北京,-,10:45,1,0;郑州,13:05,13:10,2,690;武汉,14:56,15:02,3,510;广州,18:16,-,4,980
G306|北京|广州|11:30|18:53|7h23min|二等座,0.4,118;一等座,0.7,38;商务座,1.35,9|北京,-,11:30,1,0;郑州,13:48,13:54,2,690;武汉,15:38,15:41,3,510;广州,18:53,-,4,980
G307|北京|广州|12:15|19:39|7h24min|二等座,0.41,114;一等座,0.72,37;商务座,1.35,9|北京,-,12:15,1,0;郑州,14:34,14:37,2,690;武汉,16:22,16:26,3,510;广州,19:39,-,4,980
G308|北京|广州|13:00|20:29|7h29min|二等座,0.42,110;一等座,0.7,36;商务座,1.35,8|北京,-,13:00,1,0;郑州,15:20,15:24,2,690;武汉,17:10,17:15,3,510;广州,20:29,-,4,980
G309|北京|广州|13:45|21:10|7h25min|二等座,0.4,106;一等座,0.72,35;商务座,1.35,8|北京,-,13:45,1,0;郑州,16:03,16:08,2,690;武汉,17:52,17:58,3,510;广州,21:10,-,4,980
G400|北京|成都|07:25|14:37|7h12min|二等座,0.4,142;一等座,0.7,44;商务座,1.35,12|北京,-,07:25,1,0;石家庄,08:31,08:35,2,280;郑州,10:08,10:13,3,410;西安,12:06,12:12,4,505;成都,14:37,-,5,660
G401|北京|成都|08:10|15:25|7h15min|二等座,0.41,138;一等座,0.72,43;商务座,1.35,12|北京,-,08:10,1,0;石家庄,09:17,09:22,2,280;郑州,10:56,11:02,3,410;西安,12:56,12:59,4,505;成都,15:25,-,5,660
G402|北京|成都|08:55|16:13|7h18min|二等座,0.42,134;一等座,0.7,42;商务座,1.35,11|北京,-,08:55,1,0;石家庄,10:03,10:09,2,280;郑州,11:44,11:47,3,410;西安,13:42,13:46,4,505;成都,16:13,-,5,660
G403|北京|成都|09:40|16:49|7h09min|二等座,0.4,130;一等座,0.72,41;商务座,1.35,11|北京,-,09:40,1,0;石家庄,10:46,10:49,2,280;郑州,12:22,12:26,3,410;西安,14:19,14:24,4,505;成都,16:49,-,5,660
G404|北京|成都|10:25|17:41|7h16min|二等座,0.41,126;一等座,0.7,40;商务座,1.35,10|北京,-,10:25,1,0;石家庄,11:32,11:36,2,280;郑州,13:10,13:15,3,410;西安,15:09,15:15,4,505;成都,17:41,-,5,660
G405|北京|成都|11:10|18:29|7h19min|二等座,0.42,122;一等座,0.72,39;商务座,1.35,10|北京,-,11:10,1,0;石家庄,12:18,12:23,2,280;郑州,13:58,14:04,3,410;西安,15:59,16:02,4,505;成都,18:29,-,5,660
G406|北京|成都|11:55|19:05|7h10min|二等座,0.4,118;一等座,0.7,38;商务座,1.35,9|北京,-,11:55,1,0;石家庄,13:01,13:07,2,280;郑州,14:40,14:43,3,410;西安,16:36,16:40,4,505;成都,19:05,-,5,660
G407|北京|成都|12:40|19:53|7h13min|二等座,0.41,114;一等座,0.72,37;商务座,1.35,9|北京,-,12:40,1,0;石家庄,13:47,13:50,2,280;郑州,15:24,15:28,3,410;西安,17:22,17:27,4,505;成都,19:53,-,5,660
G408|北京|成都|13:25|20:45|7h20min|二等座,0.42,110;一等座,0.7,36;商务座,1.35,8|北京,-,13:25,1,0;石家庄,14:33,14:37,2,280;郑州,16:12,16:17,3,410;西安,18:12,18:18,4,505;成都,20:45,-,5,660
G409|北京|成都|14:10|21:21|7h11min|二等座,0.4,106;一等座,0.72,35;商务座,1.35,8|北京,-,14:10,1,0;石家庄,15:16,15:21,2,280;郑州,16:54,17:00,3,410;西安,18:53,18:56,4,505;成都,21:21,-,5,660
G500|北京|太原|08:00|10:24|2h24min|二等座,0.4,142;一等座,0.7,44;商务座,1.35,12|北京,-,08:00,1,0;石家庄,09:16,09:20,2,280;太原,10:24,-,3,230
G501|北京|太原|08:45|11:12|2h27min|二等座,0.41,138;一等座,0.72,43;商务座,1.35,12|北京,-,08:45,1,0;石家庄,10:02,10:07,2,280;太原,11:12,-,3,230
G502|北京|太原|09:30|12:00|2h30min|二等座,0.42,134;一等座,0.7,42;商务座,1.35,11|北京,-,09:30,1,0;石家庄,10:48,10:54,2,280;太原,12:00,-,3,230
G503|北京|太原|10:15|12:38|2h23min|二等座,0.4,130;一等座,0.72,41;商务座,1.35,11|北京,-,10:15,1,0;石家庄,11:31,11:34,2,280;太原,12:38,-,3,230
G504|北京|太原|11:00|13:26|2h26min|二等座,0.41,126;一等座,0.7,40;商务座,1.35,10|北京,-,11:00,1,0;石家庄,12:17,12:21,2,280;太原,13:26,-,3,230
G505|北京|太原|11:45|14:14|2h29min|二等座,0.42,122;一等座,0.72,39;商务座,1.35,10|北京,-,11:45,1,0;石家庄,13:03,13:08,2,280;太原,14:14,-,3,230
G506|北京|太原|12:30|14:56|2h26min|二等座,0.4,118;一等座,0.7,38;商务座,1.35,9|北京,-,12:30,1,0;石家庄,13:46,13:52,2,280;太原,14:56,-,3,230
G507|北京|太原|13:15|15:40|2h25min|二等座,0.41,114;一等座,0.72,37;商务座,1.35,9|北京,-,13:15,1,0;石家庄,14:32,14:35,2,280;太原,15:40,-,3,230
G508|北京|太原|14:00|16:28|2h28min|二等座,0.42,110;一等座,0.7,36;商务座,1.35,8|北京,-,14:00,1,0;石家庄,15:18,15:22,2,280;太原,16:28,-,3,230
G509|北京|太原|14:45|17:10|2h25min|二等座,0.4,106;一等座,0.72,35;商务座,1.35,8|北京,-,14:45,1,0;石家庄,16:01,16:06,2,280;太原,17:10,-,3,230
G600|北京|哈尔滨|07:30|12:36|5h06min|二等座,0.4,142;一等座,0.7,44;商务座,1.35,12|北京,-,07:30,1,0;天津,08:02,08:06,2,120;沈阳,10:20,10:25,3,630;长春,11:34,11:40,4,305;哈尔滨,12:36,-,5,240
G601|北京|哈尔滨|08:15|13:24|5h09min|二等座,0.41,138;一等座,0.72,43;商务座,1.35,12|北京,-,08:15,1,0;天津,08:48,08:53,2,120;沈阳,11:08,11:14,3,630;长春,12:24,12:27,4,305;哈尔滨,13:24,-,5,240
G602|北京|哈尔滨|09:00|14:12|5h12min|二等座,0.42,134;一等座,0.7,42;商务座,1.35,11|北京,-,09:00,1,0;天津,09:34,09:40,2,120;沈阳,11:56,11:59,3,630;长春,13:10,13:14,4,305;哈尔滨,14:12,-,5,240
G603|北京|哈尔滨|09:45|14:48|5h03min|二等座,0.4,130;一等座,0.72,41;商务座,1.35,11|北京,-,09:45,1,0;天津,10:17,10:20,2,120;沈阳,12:34,12:38,3,630;长春,13:47,13:52,4,305;哈尔滨,14:48,-,5,240
G604|北京|哈尔滨|10:30|15:40|5h10min|二等座,0.41,126;一等座,0.7,40;商务座,1.35,10|北京,-,10:30,1,0;天津,11:03,11:07,2,120;沈阳,13:22,13:27,3,630;长春,14:37,14:43,4,305;哈尔滨,15:40,-,5,240
G605|北京|哈尔滨|11:15|16:28|5h13min|二等座,0.42,122;一等座,0.72,39;商务座,1.35,10|北京,-,11:15,1,0;天津,11:49,11:54,2,120;沈阳,14:10,14:16,3,630;长春,15:27,15:30,4,305;哈尔滨,16:28,-,5,240
G606|北京|哈尔滨|12:00|17:04|5h04min|二等座,0.4,118;一等座,0.7,38;商务座,1.35,9|北京,-,12:00,1,0;天津,12:32,12:38,2,120;沈阳,14:52,14:55,3,630;长春,16:04,16:08,4,305;哈尔滨,17:04,-,5,240
G607|北京|哈尔滨|12:45|17:52|5h07min|二等座,0.41,114;一等座,0.72,37;商务座,1.35,9|北京,-,12:45,1,0;天津,13:18,13:21,2,120;沈阳,15:36,15:40,3,630;长春,16:50,16:55,4,305;哈尔滨,17:52,-,5,240
G608|北京|哈尔滨|13:30|18:44|5h14min|二等座,0.42,110;一等座,0.7,36;商务座,1.35,8|北京,-,13:30,1,0;天津,14:04,14:08,2,120;沈阳,16:24,16:29,3,630;长春,17:40,17:46,4,305;哈尔滨,18:44,-,5,240
G609|北京|哈尔滨|14:15|19:20|5h05min|二等座,0.4,106;一等座,0.72,35;商务座,1.35,8|北京,-,14:15,1,0;天津,14:47,14:52,2,120;沈阳,17:06,17:12,3,630;长春,18:21,18:24,4,305;哈尔滨,19:20,-,5,240
D700|北京|兰州|08:20|15:30|7h10min|二等座,0.32,169;一等座,0.56,58;软卧,0.86,20|北京,-,08:20,1,0;呼和浩特,10:39,10:43,2,480;银川,13:19,13:24,3,540;兰州,15:30,-,4,430
D701|北京|兰州|09:05|16:20|7h15min|二等座,0.34,165;一等座,0.58,56;软卧,0.9,20|北京,-,09:05,1,0;呼和浩特,11:25,11:30,2,480;银川,14:07,14:13,3,540;兰州,16:20,-,4,430
D702|北京|兰州|09:50|17:06|7h16min|二等座,0.36,160;一等座,0.56,54;软卧,0.86,19|北京,-,09:50,1,0;呼和浩特,12:11,12:17,2,480;银川,14:55,14:58,3,540;兰州,17:06,-,4,430
D703|北京|兰州|10:35|17:43|7h08min|二等座,0.32,155;一等座,0.58,52;软卧,0.9,19|北京,-,10:35,1,0;呼和浩特,12:54,12:57,2,480;银川,15:33,15:37,3,540;兰州,17:43,-,4,430
D704|北京|兰州|11:20|18:33|7h13min|二等座,0.34,150;一等座,0.56,50;软卧,0.86,18|北京,-,11:20,1,0;呼和浩特,13:40,13:44,2,480;银川,16:21,16:26,3,540;兰州,18:33,-,4,430
D705|北京|兰州|12:05|19:23|7h18min|二等座,0.36,145;一等座,0.58,48;软卧,0.9,18|北京,-,12:05,1,0;呼和浩特,14:26,14:31,2,480;银川,17:09,17:15,3,540;兰州,19:23,-,4,430
D706|北京|兰州|12:50|20:00|7h10min|二等座,0.32,140;一等座,0.56,46;软卧,0.86,17|北京,-,12:50,1,0;呼和浩特,15:09,15:15,2,480;银川,17:51,17:54,3,540;兰州,20:00,-,4,430
D707|北京|兰州|13:35|20:46|7h11min|二等座,0.34,135;一等座,0.58,44;软卧,0.9,17|北京,-,13:35,1,0;呼和浩特,15:55,15:58,2,480;银川,18:35,18:39,3,540;兰州,20:46,-,4,430
D708|北京|兰州|14:20|21:36|7h16min|二等座,0.36,130;一等座,0.56,42;软卧,0.86,16|北京,-,14:20,1,0;呼和浩特,16:41,16:45,2,480;银川,19:23,19:28,3,540;兰州,21:36,-,4,430
D709|北京|兰州|15:05|22:17|7h12min|二等座,0.32,125;一等座,0.58,40;软卧,0.9,16|北京,-,15:05,1,0;呼和浩特,17:24,17:29,2,480;银川,20:05,20:11,3,540;兰州,22:17,-,4,430
D800|北京|呼和浩特|09:10|14:01|4h51min|二等座,0.32,170;一等座,0.56,58;软卧,0.86,20|北京,-,09:10,1,0;石家庄,10:35,10:39,2,280;太原,11:50,11:55,3,230;呼和浩特,14:01,-,4,430
D801|北京|呼和浩特|09:55|14:51|4h56min|二等座,0.34,165;一等座,0.58,56;软卧,0.9,20|北京,-,09:55,1,0;石家庄,11:21,11:26,2,280;太原,12:38,12:44,3,230;呼和浩特,14:51,-,4,430
D802|北京|呼和浩特|10:40|15:37|4h57min|二等座,0.36,160;一等座,0.56,54;软卧,0.86,19|北京,-,10:40,1,0;石家庄,12:07,12:13,2,280;太原,13:26,13:29,3,230;呼和浩特,15:37,-,4,430
D803|北京|呼和浩特|11:25|16:14|4h49min|二等座,0.32,155;一等座,0.58,52;软卧,0.9,19|北京,-,11:25,1,0;石家庄,12:50,12:53,2,280;太原,14:04,14:08,3,230;呼和浩特,16:14,-,4,430
D804|北京|呼和浩特|12:10|17:04|4h54min|二等座,0.34,150;一等座,0.56,50;软卧,0.86,18|北京,-,12:10,1,0;石家庄,13:36,13:40,2,280;太原,14:52,14:57,3,230;呼和浩特,17:04,-,4,430
D805|北京|呼和浩特|12:55|17:54|4h59min|二等座,0.36,145;一等座,0.58,48;软卧,0.9,18|北京,-,12:55,1,0;石家庄,14:22,14:27,2,280;太原,15:40,15:46,3,230;呼和浩特,17:54,-,4,430
D806|北京|呼和浩特|13:40|18:31|4h51min|二等座,0.32,140;一等座,0.56,46;软卧,0.86,17|北京,-,13:40,1,0;石家庄,15:05,15:11,2,280;太原,16:22,16:25,3,230;呼和浩特,18:31,-,4,430
D807|北京|呼和浩特|14:25|19:17|4h52min|二等座,0.34,135;一等座,0.58,44;软卧,0.9,17|北京,-,14:25,1,0;石家庄,15:51,15:54,2,280;太原,17:06,17:10,3,230;呼和浩特,19:17,-,4,430
D808|北京|呼和浩特|15:10|20:07|4h57min|二等座,0.36,130;一等座,0.56,42;软卧,0.86,16|北京,-,15:10,1,0;石家庄,16:37,16:41,2,280;太原,17:54,17:59,3,230;呼和浩特,20:07,-,4,430
D809|北京|呼和浩特|15:55|20:48|4h53min|二等座,0.32,125;一等座,0.58,40;软卧,0.9,16|北京,-,15:55,1,0;石家庄,17:20,17:25,2,280;太原,18:36,18:42,3,230;呼和浩特,20:48,-,4,430
G900|上海|广州|07:15|13:32|6h17min|二等座,0.4,142;一等座,0.7,44;商务座,1.35,12|上海,-,07:15,1,0;杭州,07:55,07:59,2,170;南昌,09:45,09:50,3,520;长沙,11:04,11:10,4,350;广州,13:32,-,5,710
G901|上海|广州|08:00|14:20|6h20min|二等座,0.41,138;一等座,0.72,43;商务座,1.35,12|上海,-,08:00,1,0;杭州,08:41,08:46,2,170;南昌,10:33,10:39,3,520;长沙,11:54,11:57,4,350;广州,14:20,-,5,710
G902|上海|广州|08:45|15:08|6h23min|二等座,0.42,134;一等座,0.7,42;商务座,1.35,11|上海,-,08:45,1,0;杭州,09:27,09:33,2,170;南昌,11:21,11:24,3,520;长沙,12:40,12:44,4,350;广州,15:08,-,5,710
G903|上海|广州|09:30|15:44|6h14min|二等座,0.4,130;一等座,0.72,41;商务座,1.35,11|上海,-,09:30,1,0;杭州,10:10,10:13,2,170;南昌,11:59,12:03,3,520;长沙,13:17,13:22,4,350;广州,15:44,-,5,710
G904|上海|广州|10:15|16:36|6h21min|二等座,0.41,126;一等座,0.7,40;商务座,1.35,10|上海,-,10:15,1,0;杭州,10:56,11:00,2,170;南昌,12:47,12:52,3,520;长沙,14:07,14:13,4,350;广州,16:36,-,5,710
G905|上海|广州|11:00|17:24|6h24min|二等座,0.42,122;一等座,0.72,39;商务座,1.35,10|上海,-,11:00,1,0;杭州,11:42,11:47,2,170;南昌,13:35,13:41,3,520;长沙,14:57,15:00,4,350;广州,17:24,-,5,710
G906|上海|广州|11:45|18:00|6h15min|二等座,0.4,118;一等座,0.7,38;商务座,1.35,9|上海,-,11:45,1,0;杭州,12:25,12:31,2,170;南昌,14:17,14:20,3,520;长沙,15:34,15:38,4,350;广州,18:00,-,5,710
G907|上海|广州|12:30|18:48|6h18min|二等座,0.41,114;一等座,0.72,37;商务座,1.35,9|上海,-,12:30,1,0;杭州,13:11,13:14,2,170;南昌,15:01,15:05,3,520;长沙,16:20,16:25,4,350;广州,18:48,-,5,710
G908|上海|广州|13:15|19:40|6h25min|二等座,0.42,108;一等座,0.7,36;商务座,1.35,8|上海,-,13:15,1,0;杭州,13:57,14:01,2,170;南昌,15:49,15:54,3,520;长沙,17:10,17:16,4,350;广州,19:40,-,5,710
G909|上海|广州|14:00|20:16|6h16min|二等座,0.4,106;一等座,0.72,35;商务座,1.35,8|上海,-,14:00,1,0;杭州,14:40,14:45,2,170;南昌,16:31,16:37,3,520;长沙,17:51,17:54,4,350;广州,20:16,-,5,710
G1000|上海|成都|07:45|15:45|8h00min|二等座,0.4,142;一等座,0.7,44;商务座,1.35,12|上海,-,07:45,1,0;南京,08:56,09:00,2,300;合肥,09:40,09:45,3,150;武汉,11:08,11:14,4,360;重庆,14:29,14:32,5,900;成都,15:45,-,6,310
G1001|上海|成都|08:30|16:35|8h05min|二等座,0.41,137;一等座,0.72,43;商务座,1.35,12|上海,-,08:30,1,0;南京,09:42,09:47,2,300;合肥,10:28,10:34,3,150;武汉,11:58,12:01,4,360;重庆,15:17,15:21,5,900;成都,16:35,-,6,310
G1002|上海|成都|09:15|17:25|8h10min|二等座,0.42,134;一等座,0.7,42;商务座,1.35,11|上海,-,09:15,1,0;南京,10:28,10:34,2,300;合肥,11:16,11:19,3,150;武汉,12:44,12:48,4,360;重庆,16:05,16:10,5,900;成都,17:25,-,6,310
G1003|上海|成都|10:00|18:00|8h00min|二等座,0.4,130;一等座,0.72,41;商务座,1.35,11|上海,-,10:00,1,0;南京,11:11,11:14,2,300;合肥,11:54,11:58,3,150;武汉,13:21,13:26,4,360;重庆,16:41,16:47,5,900;成都,18:00,-,6,310
G1004|上海|成都|10:45|18:50|8h05min|二等座,0.41,126;一等座,0.7,40;商务座,1.35,10|上海,-,10:45,1,0;南京,11:57,12:01,2,300;合肥,12:42,12:47,3,150;武汉,14:11,14:17,4,360;重庆,17:33,17:36,5,900;成都,18:50,-,6,310
G1005|上海|成都|11:30|19:40|8h10min|二等座,0.42,122;一等座,0.72,39;商务座,1.35,10|上海,-,11:30,1,0;南京,12:43,12:48,2,300;合肥,13:30,13:36,3,150;武汉,15:01,15:04,4,360;重庆,18:21,18:25,5,900;成都,19:40,-,6,310
G1006|上海|成都|12:15|20:15|8h00min|二等座,0.4,118;一等座,0.7,38;商务座,1.35,9|上海,-,12:15,1,0;南京,13:26,13:32,2,300;合肥,14:12,14:15,3,150;武汉,15:38,15:42,4,360;重庆,18:57,19:02,5,900;成都,20:15,-,6,310
G1007|上海|成都|13:00|21:05|8h05min|二等座,0.41,114;一等座,0.72,37;商务座,1.35,9|上海,-,13:00,1,0;南京,14:12,14:15,2,300;合肥,14:56,15:00,3,150;武汉,16:24,16:29,4,360;重庆,19:45,19:51,5,900;成都,21:05,-,6,310
G1008|上海|成都|13:45|21:55|8h10min|二等座,0.42,110;一等座,0.7,36;商务座,1.35,8|上海,-,13:45,1,0;南京,14:58,15:02,2,300;合肥,15:44,15:49,3,150;武汉,17:14,17:20,4,360;重庆,20:37,20:40,5,900;成都,21:55,-,6,310
G1009|上海|成都|14:30|22:30|8h00min|二等座,0.4,106;一等座,0.72,35;商务座,1.35,8|上海,-,14:30,1,0;南京,15:41,15:46,2,300;合肥,16:26,16:32,3,150;武汉,17:55,17:58,4,360;重庆,21:13,21:17,5,900;成都,22:30,-,6,310
G1100|上海|厦门|08:05|13:51|5h46min|二等座,0.4,142;一等座,0.7,44;商务座,1.35,12|上海,-,08:05,1,0;杭州,08:54,08:58,2,170;宁波,09:45,09:50,3,160;温州,11:06,11:12,4,280;福州,12:37,12:40,5,320;厦门,13:51,-,6,260
G1101|上海|厦门|08:50|14:41|5h51min|二等座,0.41,138;一等座,0.72,43;商务座,1.35,12|上海,-,08:50,1,0;杭州,09:40,09:45,2,170;宁波,10:33,10:39,3,160;温州,11:56,11:59,4,280;福州,13:25,13:29,5,320;厦门,14:41,-,6,260
G1102|上海|厦门|09:35|15:31|5h56min|二等座,0.42,134;一等座,0.7,42;商务座,1.35,11|上海,-,09:35,1,0;杭州,10:26,10:32,2,170;宁波,11:21,11:24,3,160;温州,12:42,12:46,4,280;福州,14:13,14:18,5,320;厦门,15:31,-,6,260
G1103|上海|厦门|10:20|16:06|5h46min|二等座,0.4,130;一等座,0.72,41;商务座,1.35,11|上海,-,10:20,1,0;杭州,11:09,11:12,2,170;宁波,11:59,12:03,3,160;温州,13:19,13:24,4,280;福州,14:49,14:55,5,320;厦门,16:06,-,6,260
G1104|上海|厦门|11:05|16:56|5h51min|二等座,0.41,126;一等座,0.7,40;商务座,1.35,10|上海,-,11:05,1,0;杭州,11:55,11:59,2,170;宁波,12:47,12:52,3,160;温州,14:09,14:15,4,280;福州,15:41,15:44,5,320;厦门,16:56,-,6,260
G1105|上海|厦门|11:50|17:46|5h56min|二等座,0.42,122;一等座,0.72,39;商务座,1.35,10|上海,-,11:50,1,0;杭州,12:41,12:46,2,170;宁波,13:35,13:41,3,160;温州,14:59,15:02,4,280;福州,16:29,16:33,5,320;厦门,17:46,-,6,260
G1106|上海|厦门|12:35|18:21|5h46min|二等座,0.4,118;一等座,0.7,38;商务座,1.35,9|上海,-,12:35,1,0;杭州,13:24,13:30,2,170;宁波,14:17,14:20,3,160;温州,15:36,15:40,4,280;福州,17:05,17:10,5,320;厦门,18:21,-,6,260
G1107|上海|厦门|13:20|19:11|5h51min|二等座,0.41,112;一等座,0.72,37;商务座,1.35,9|上海,-,13:20,1,0;杭州,14:10,14:13,2,170;宁波,15:01,15:05,3,160;温州,16:22,16:27,4,280;福州,17:53,17:59,5,320;厦门,19:11,-,6,260
G1108|上海|厦门|14:05|20:01|5h56min|二等座,0.42,110;一等座,0.7,36;商务座,1.35,8|上海,-,14:05,1,0;杭州,14:56,15:00,2,170;宁波,15:49,15:54,3,160;温州,17:12,17:18,4,280;福州,18:45,18:48,5,320;厦门,20:01,-,6,260
G1109|上海|厦门|14:50|20:36|5h46min|二等座,0.4,106;一等座,0.72,35;商务座,1.35,8|上海,-,14:50,1,0;杭州,15:39,15:44,2,170;宁波,16:31,16:37,3,160;温州,17:53,17:56,4,280;福州,19:21,19:25,5,320;厦门,20:36,-,6,260
G1200|上海|深圳|07:35|13:52|6h17min|二等座,0.4,142;一等座,0.7,44;商务座,1.35,12|上海,-,07:35,1,0;杭州,08:20,08:24,2,170;南昌,10:24,10:29,3,520;赣州,12:10,12:16,4,430;深圳,13:52,-,5,410
G1201|上海|深圳|08:20|14:40|6h20min|二等座,0.41,138;一等座,0.72,43;商务座,1.35,12|上海,-,08:20,1,0;杭州,09:06,09:11,2,170;南昌,11:12,11:18,3,520;赣州,13:00,13:03,4,430;深圳,14:40,-,5,410
G1202|上海|深圳|09:05|15:28|6h23min|二等座,0.42,134;一等座,0.7,42;商务座,1.35,11|上海,-,09:05,1,0;杭州,09:52,09:58,2,170;南昌,12:00,12:03,3,520;赣州,13:46,13:50,4,430;深圳,15:28,-,5,410
G1203|上海|深圳|09:50|16:04|6h14min|二等座,0.4,130;一等座,0.72,41;商务座,1.35,11|上海,-,09:50,1,0;杭州,10:35,10:38,2,170;南昌,12:38,12:42,3,520;赣州,14:23,14:28,4,430;深圳,16:04,-,5,410
G1204|上海|深圳|10:35|16:56|6h21min|二等座,0.41,126;一等座,0.7,40;商务座,1.35,10|上海,-,10:35,1,0;杭州,11:21,11:25,2,170;南昌,13:26,13:31,3,520;赣州,15:13,15:19,4,430;深圳,16:56,-,5,410
G1205|上海|深圳|11:20|17:44|6h24min|二等座,0.42,122;一等座,0.72,39;商务座,1.35,10|上海,-,11:20,1,0;杭州,12:07,12:12,2,170;南昌,14:14,14:20,3,520;赣州,16:03,16:06,4,430;深圳,17:44,-,5,410
G1206|上海|深圳|12:05|18:20|6h15min|二等座,0.4,118;一等座,0.7,38;商务座,1.35,9|上海,-,12:05,1,0;杭州,12:50,12:56,2,170;南昌,14:56,14:59,3,520;赣州,16:40,16:44,4,430;深圳,18:20,-,5,410
G1207|上海|深圳|12:50|19:08|6h18min|二等座,0.41,114;一等座,0.72,37;商务座,1.35,9|上海,-,12:50,1,0;杭州,13:36,13:39,2,170;南昌,15:40,15:44,3,520;赣州,17:26,17:31,4,430;深圳,19:08,-,5,410
G1208|上海|深圳|13:35|20:00|6h25min|二等座,0.42,110;一等座,0.7,36;商务座,1.35,8|上海,-,13:35,1,0;杭州,14:22,14:26,2,170;南昌,16:28,16:33,3,520;赣州,18:16,18:22,4,430;深圳,20:00,-,5,410
G1209|上海|深圳|14:20|20:36|6h16min|二等座,0.4,106;一等座,0.72,35;商务座,1.35,8|上海,-,14:20,1,0;杭州,15:05,15:10,2,170;南昌,17:10,17:16,3,520;赣州,18:57,19:00,4,430;深圳,20:36,-,5,410
D1300|广州|北京|08:10|18:04|9h54min|二等座,0.32,169;一等座,0.56,58;软卧,0.86,20|广州,-,08:10,1,0;长沙,11:09,11:13,2,710;武汉,12:48,12:53,3,360;郑州,15:04,15:10,4,510;北京,18:04,-,5,690
D1301|广州|北京|08:55|18:52|9h57min|二等座,0.34,165;一等座,0.58,56;软卧,0.9,20|广州,-,08:55,1,0;长沙,11:55,12:00,2,710;武汉,13:36,13:42,3,360;郑州,15:54,15:57,4,510;北京,18:52,-,5,690
D1302|广州|北京|09:40|19:40|10h00min|二等座,0.36,160;一等座,0.56,54;软卧,0.86,19|广州,-,09:40,1,0;长沙,12:41,12:47,2,710;武汉,14:24,14:27,3,360;郑州,16:40,16:44,4,510;北京,19:40,-,5,690
D1303|广州|北京|10:25|20:16|9h51min|二等座,0.32,155;一等座,0.58,52;软卧,0.9,19|广州,-,10:25,1,0;长沙,13:24,13:27,2,710;武汉,15:02,15:06,3,360;郑州,17:17,17:22,4,510;北京,20:16,-,5,690
D1304|广州|北京|11:10|21:08|9h58min|二等座,0.34,150;一等座,0.56,50;软卧,0.86,18|广州,-,11:10,1,0;长沙,14:10,14:14,2,710;武汉,15:50,15:55,3,360;郑州,18:07,18:13,4,510;北京,21:08,-,5,690
D1305|广州|北京|11:55|21:56|10h01min|二等座,0.36,145;一等座,0.58,48;软卧,0.9,18|广州,-,11:55,1,0;长沙,14:56,15:01,2,710;武汉,16:38,16:44,3,360;郑州,18:57,19:00,4,510;北京,21:56,-,5,690
D1306|广州|北京|12:40|22:32|9h52min|二等座,0.32,140;一等座,0.56,46;软卧,0.86,17|广州,-,12:40,1,0;长沙,15:39,15:45,2,710;武汉,17:20,17:23,3,360;郑州,19:34,19:38,4,510;北京,22:32,-,5,690
D1307|广州|北京|13:25|23:20|9h55min|二等座,0.34,135;一等座,0.58,44;软卧,0.9,17|广州,-,13:25,1,0;长沙,16:25,16:28,2,710;武汉,18:04,18:08,3,360;郑州,20:20,20:25,4,510;北京,23:20,-,5,690
D1308|广州|北京|14:10|00:12|10h02min|二等座,0.36,130;一等座,0.56,42;软卧,0.86,16|广州,-,14:10,1,0;长沙,17:11,17:15,2,710;武汉,18:52,18:57,3,360;郑州,21:10,21:16,4,510;北京,00:12,-,5,690
D1309|广州|北京|14:55|00:48|9h53min|二等座,0.32,125;一等座,0.58,40;软卧,0.9,16|广州,-,14:55,1,0;长沙,17:54,17:59,2,710;武汉,19:34,19:40,3,360;郑州,21:51,21:54,4,510;北京,00:48,-,5,690
G1400|广州|上海|06:50|12:52|6h02min|二等座,0.4,142;一等座,0.7,44;商务座,1.35,12|广州,-,06:50,1,0;深圳,07:28,07:32,2,140;厦门,09:32,09:37,3,520;福州,10:41,10:47,4,260;杭州,12:04,12:07,5,320;上海,12:52,-,6,170
G1401|广州|上海|07:35|13:42|6h07min|二等座,0.41,138;一等座,0.72,43;商务座,1.35,12|广州,-,07:35,1,0;深圳,08:14,08:19,2,140;厦门,10:20,10:26,3,520;福州,11:31,11:34,4,260;杭州,12:52,12:56,5,320;上海,13:42,-,6,170
G1402|广州|上海|08:20|14:32|6h12min|二等座,0.42,134;一等座,0.7,42;商务座,1.35,11|广州,-,08:20,1,0;深圳,09:00,09:06,2,140;厦门,11:08,11:11,3,520;福州,12:17,12:21,4,260;杭州,13:40,13:45,5,320;上海,14:32,-,6,170
G1403|广州|上海|09:05|15:07|6h02min|二等座,0.4,130;一等座,0.72,41;商务座,1.35,11|广州,-,09:05,1,0;深圳,09:43,09:46,2,140;厦门,11:46,11:50,3,520;福州,12:54,12:59,4,260;杭州,14:16,14:22,5,320;上海,15:07,-,6,170
G1404|广州|上海|09:50|15:57|6h07min|二等座,0.41,126;一等座,0.7,40;商务座,1.35,10|广州,-,09:50,1,0;深圳,10:29,10:33,2,140;厦门,12:34,12:39,3,520;福州,13:44,13:50,4,260;杭州,15:08,15:11,5,320;上海,15:57,-,6,170
G1405|广州|上海|10:35|16:47|6h12min|二等座,0.42,122;一等座,0.72,39;商务座,1.35,10|广州,-,10:35,1,0;深圳,11:15,11:20,2,140;厦门,13:22,13:28,3,520;福州,14:34,14:37,4,260;杭州,15:56,16:00,5,320;上海,16:47,-,6,170
G1406|广州|上海|11:20|17:22|6h02min|二等座,0.4,118;一等座,0.7,38;商务座,1.35,9|广州,-,11:20,1,0;深圳,11:58,12:04,2,140;厦门,14:04,14:07,3,520;福州,15:11,15:15,4,260;杭州,16:32,16:37,5,320;上海,17:22,-,6,170
G1407|广州|上海|12:05|18:12|6h07min|二等座,0.41,114;一等座,0.72,37;商务座,1.35,9|广州,-,12:05,1,0;深圳,12:44,12:47,2,140;厦门,14:48,14:52,3,520;福州,15:57,16:02,4,260;杭州,17:20,17:26,5,320;上海,18:12,-,6,170
G1408|广州|上海|12:50|19:02|6h12min|二等座,0.42,110;一等座,0.7,36;商务座,1.35,8|广州,-,12:50,1,0;深圳,13:30,13:34,2,140;厦门,15:36,15:41,3,520;福州,16:47,16:53,4,260;杭州,18:12,18:15,5,320;上海,19:02,-,6,170
G1409|广州|上海|13:35|19:37|6h02min|二等座,0.4,106;一等座,0.72,35;商务座,1.35,8|广州,-,13:35,1,0;深圳,14:13,14:18,2,140;厦门,16:18,16:24,3,520;福州,17:28,17:31,4,260;杭州,18:48,18:52,5,320;上海,19:37,-,6,170
D1500|广州|昆明|08:40|15:39|6h59min|二等座,0.32,170;一等座,0.56,58;软卧,0.86,20|广州,-,08:40,1,0;桂林,10:46,10:50,2,430;贵阳,13:04,13:09,3,460;昆明,15:39,-,4,520
D1501|广州|昆明|09:25|16:29|7h04min|二等座,0.34,165;一等座,0.58,56;软卧,0.9,20|广州,-,09:25,1,0;桂林,11:32,11:37,2,430;贵阳,13:52,13:58,3,460;昆明,16:29,-,4,520
D1502|广州|昆明|10:10|17:15|7h05min|二等座,0.36,160;一等座,0.56,54;软卧,0.86,19|广州,-,10:10,1,0;桂林,12:18,12:24,2,430;贵阳,14:40,14:43,3,460;昆明,17:15,-,4,520
D1503|广州|昆明|10:55|17:52|6h57min|二等座,0.32,155;一等座,0.58,52;软卧,0.9,19|广州,-,10:55,1,0;桂林,13:01,13:04,2,430;贵阳,15:18,15:22,3,460;昆明,17:52,-,4,520
D1504|广州|昆明|11:40|18:42|7h02min|二等座,0.34,150;一等座,0.56,50;软卧,0.86,18|广州,-,11:40,1,0;桂林,13:47,13:51,2,430;贵阳,16:06,16:11,3,460;昆明,18:42,-,4,520
D1505|广州|昆明|12:25|19:32|7h07min|二等座,0.36,145;一等座,0.58,48;软卧,0.9,18|广州,-,12:25,1,0;桂林,14:33,14:38,2,430;贵阳,16:54,17:00,3,460;昆明,19:32,-,4,520
D1506|广州|昆明|13:10|20:09|6h59min|二等座,0.32,140;一等座,0.56,46;软卧,0.86,17|广州,-,13:10,1,0;桂林,15:16,15:22,2,430;贵阳,17:36,17:39,3,460;昆明,20:09,-,4,520
D1507|广州|昆明|13:55|20:55|7h00min|二等座,0.34,135;一等座,0.58,44;软卧,0.9,17|广州,-,13:55,1,0;桂林,16:02,16:05,2,430;贵阳,18:20,18:24,3,460;昆明,20:55,-,4,520
D1508|广州|昆明|14:40|21:45|7h05min|二等座,0.36,130;一等座,0.56,42;软卧,0.86,16|广州,-,14:40,1,0;桂林,16:48,16:52,2,430;贵阳,19:08,19:13,3,460;昆明,21:45,-,4,520
D1509|广州|昆明|15:25|22:26|7h01min|二等座,0.32,125;一等座,0.58,40;软卧,0.9,16|广州,-,15:25,1,0;桂林,17:31,17:36,2,430;贵阳,19:50,19:56,3,460;昆明,22:26,-,4,520
D1600|广州|昆明|09:20|15:57|6h37min|二等座,0.32,170;一等座,0.56,58;软卧,0.86,20|广州,-,09:20,1,0;南宁,12:01,12:05,2,560;昆明,15:57,-,3,820
D1601|广州|昆明|10:05|16:45|6h40min|二等座,0.34,165;一等座,0.58,56;软卧,0.9,20|广州,-,10:05,1,0;南宁,12:47,12:52,2,560;昆明,16:45,-,3,820
D1602|广州|昆明|10:50|17:33|6h43min|二等座,0.36,160;一等座,0.56,54;软卧,0.86,19|广州,-,10:50,1,0;南宁,13:33,13:39,2,560;昆明,17:33,-,3,820
D1603|广州|昆明|11:35|18:11|6h36min|二等座,0.32,155;一等座,0.58,52;软卧,0.9,19|广州,-,11:35,1,0;南宁,14:16,14:19,2,560;昆明,18:11,-,3,820
D1604|广州|昆明|12:20|18:59|6h39min|二等座,0.34,150;一等座,0.56,50;软卧,0.86,18|广州,-,12:20,1,0;南宁,15:02,15:06,2,560;昆明,18:59,-,3,820
D1605|广州|昆明|13:05|19:47|6h42min|二等座,0.36,145;一等座,0.58,48;软卧,0.9,18|广州,-,13:05,1,0;南宁,15:48,15:53,2,560;昆明,19:47,-,3,820
D1606|广州|昆明|13:50|20:29|6h39min|二等座,0.32,140;一等座,0.56,46;软卧,0.86,17|广州,-,13:50,1,0;南宁,16:31,16:37,2,560;昆明,20:29,-,3,820
D1607|广州|昆明|14:35|21:13|6h38min|二等座,0.34,135;一等座,0.58,44;软卧,0.9,17|广州,-,14:35,1,0;南宁,17:17,17:20,2,560;昆明,21:13,-,3,820
D1608|广州|昆明|15:20|22:01|6h41min|二等座,0.36,130;一等座,0.56,42;软卧,0.86,16|广州,-,15:20,1,0;南宁,18:03,18:07,2,560;昆明,22:01,-,3,820
D1609|广州|昆明|16:05|22:43|6h38min|二等座,0.32,125;一等座,0.58,40;软卧,0.9,16|广州,-,16:05,1,0;南宁,18:46,18:51,2,560;昆明,22:43,-,3,820
D1700|深圳|武汉|07:20|12:45|5h25min|二等座,0.32,170;一等座,0.56,58;软卧,0.86,20|深圳,-,07:20,1,0;广州,08:02,08:06,2,140;长沙,11:05,11:10,3,710;武汉,12:45,-,4,360
D1701|深圳|武汉|08:05|13:35|5h30min|二等座,0.34,165;一等座,0.58,56;软卧,0.9,20|深圳,-,08:05,1,0;广州,08:48,08:53,2,140;长沙,11:53,11:59,3,710;武汉,13:35,-,4,360
D1702|深圳|武汉|08:50|14:21|5h31min|二等座,0.36,160;一等座,0.56,54;软卧,0.86,19|深圳,-,08:50,1,0;广州,09:34,09:40,2,140;长沙,12:41,12:44,3,710;武汉,14:21,-,4,360
D1703|深圳|武汉|09:35|14:58|5h23min|二等座,0.32,155;一等座,0.58,52;软卧,0.9,19|深圳,-,09:35,1,0;广州,10:17,10:20,2,140;长沙,13:19,13:23,3,710;武汉,14:58,-,4,360
D1704|深圳|武汉|10:20|15:48|5h28min|二等座,0.34,150;一等座,0.56,50;软卧,0.86,18|深圳,-,10:20,1,0;广州,11:03,11:07,2,140;长沙,14:07,14:12,3,710;武汉,15:48,-,4,360
D1705|深圳|武汉|11:05|16:38|5h33min|二等座,0.36,145;一等座,0.58,48;软卧,0.9,18|深圳,-,11:05,1,0;广州,11:49,11:54,2,140;长沙,14:55,15:01,3,710;武汉,16:38,-,4,360
D1706|深圳|武汉|11:50|17:15|5h25min|二等座,0.32,140;一等座,0.56,46;软卧,0.86,17|深圳,-,11:50,1,0;广州,12:32,12:38,2,140;长沙,15:37,15:40,3,710;武汉,17:15,-,4,360
D1707|深圳|武汉|12:35|18:01|5h26min|二等座,0.34,135;一等座,0.58,44;软卧,0.9,17|深圳,-,12:35,1,0;广州,13:18,13:21,2,140;长沙,16:21,16:25,3,710;武汉,18:01,-,4,360
D1708|深圳|武汉|13:20|18:51|5h31min|二等座,0.36,130;一等座,0.56,42;软卧,0.86,16|深圳,-,13:20,1,0;广州,14:04,14:08,2,140;长沙,17:09,17:14,3,710;武汉,18:51,-,4,360
D1709|深圳|武汉|14:05|19:32|5h27min|二等座,0.32,125;一等座,0.58,40;软卧,0.9,16|深圳,-,14:05,1,0;广州,14:47,14:52,2,140;长沙,17:51,17:57,3,710;武汉,19:32,-,4,360
G1800|武汉|上海|07:50|11:05|3h15min|二等座,0.4,142;一等座,0.7,44;商务座,1.35,12|武汉,-,07:50,1,0;合肥,09:10,09:14,2,360;南京,09:52,09:57,3,150;上海,11:05,-,4,300
G1801|武汉|上海|08:35|11:55|3h20min|二等座,0.41,138;一等座,0.72,43;商务座,1.35,12|武汉,-,08:35,1,0;合肥,09:56,10:01,2,360;南京,10:40,10:46,3,150;上海,11:55,-,4,300
G1802|武汉|上海|09:20|12:41|3h21min|二等座,0.42,134;一等座,0.7,42;商务座,1.35,11|武汉,-,09:20,1,0;合肥,10:42,10:48,2,360;南京,11:28,11:31,3,150;上海,12:41,-,4,300
G1803|武汉|上海|10:05|13:18|3h13min|二等座,0.4,130;一等座,0.72,41;商务座,1.35,11|武汉,-,10:05,1,0;合肥,11:25,11:28,2,360;南京,12:06,12:10,3,150;上海,13:18,-,4,300
G1804|武汉|上海|10:50|14:08|3h18min|二等座,0.41,126;一等座,0.7,40;商务座,1.35,10|武汉,-,10:50,1,0;合肥,12:11,12:15,2,360;南京,12:54,12:59,3,150;上海,14:08,-,4,300
G1805|武汉|上海|11:35|14:58|3h23min|二等座,0.42,122;一等座,0.72,39;商务座,1.35,10|武汉,-,11:35,1,0;合肥,12:57,13:02,2,360;南京,13:42,13:48,3,150;上海,14:58,-,4,300
G1806|武汉|上海|12:20|15:35|3h15min|二等座,0.4,118;一等座,0.7,38;商务座,1.35,9|武汉,-,12:20,1,0;合肥,13:40,13:46,2,360;南京,14:24,14:27,3,150;上海,15:35,-,4,300
G1807|武汉|上海|13:05|16:21|3h16min|二等座,0.41,114;一等座,0.72,37;商务座,1.35,9|武汉,-,13:05,1,0;合肥,14:26,14:29,2,360;南京,15:08,15:12,3,150;上海,16:21,-,4,300
G1808|武汉|上海|13:50|17:11|3h21min|二等座,0.42,110;一等座,0.7,36;商务座,1.35,8|武汉,-,13:50,1,0;合肥,15:12,15:16,2,360;南京,15:56,16:01,3,150;上海,17:11,-,4,300
G1809|武汉|上海|14:35|17:52|3h17min|二等座,0.4,106;一等座,0.72,35;商务座,1.35,8|武汉,-,14:35,1,0;合肥,15:55,16:00,2,360;南京,16:38,16:44,3,150;上海,17:52,-,4,300
D1900|武汉|兰州|08:30|15:15|6h45min|二等座,0.32,170;一等座,0.56,58;软卧,0.86,20|武汉,-,08:30,1,0;襄阳,10:00,10:04,2,300;西安,12:12,12:17,3,440;兰州,15:15,-,4,620
D1901|武汉|兰州|09:15|16:05|6h50min|二等座,0.34,165;一等座,0.58,56;软卧,0.9,20|武汉,-,09:15,1,0;襄阳,10:46,10:51,2,300;西安,13:00,13:06,3,440;兰州,16:05,-,4,620
D1902|武汉|兰州|10:00|16:51|6h51min|二等座,0.36,160;一等座,0.56,54;软卧,0.86,19|武汉,-,10:00,1,0;襄阳,11:32,11:38,2,300;西安,13:48,13:51,3,440;兰州,16:51,-,4,620
D1903|武汉|兰州|10:45|17:28|6h43min|二等座,0.32,155;一等座,0.58,52;软卧,0.9,19|武汉,-,10:45,1,0;襄阳,12:15,12:18,2,300;西安,14:26,14:30,3,440;兰州,17:28,-,4,620
D1904|武汉|兰州|11:30|18:18|6h48min|二等座,0.34,150;一等座,0.56,50;软卧,0.86,18|武汉,-,11:30,1,0;襄阳,13:01,13:05,2,300;西安,15:14,15:19,3,440;兰州,18:18,-,4,620
D1905|武汉|兰州|12:15|19:08|6h53min|二等座,0.36,145;一等座,0.58,48;软卧,0.9,18|武汉,-,12:15,1,0;襄阳,13:47,13:52,2,300;西安,16:02,16:08,3,440;兰州,19:08,-,4,620
D1906|武汉|兰州|13:00|19:45|6h45min|二等座,0.32,140;一等座,0.56,46;软卧,0.86,17|武汉,-,13:00,1,0;襄阳,14:30,14:36,2,300;西安,16:44,16:47,3,440;兰州,19:45,-,4,620
D1907|武汉|兰州|13:45|20:31|6h46min|二等座,0.34,135;一等座,0.58,44;软卧,0.9,17|武汉,-,13:45,1,0;襄阳,15:16,15:19,2,300;西安,17:28,17:32,3,440;兰州,20:31,-,4,620
D1908|武汉|兰州|14:30|21:21|6h51min|二等座,0.36,130;一等座,0.56,42;软卧,0.86,16|武汉,-,14:30,1,0;襄阳,16:02,16:06,2,300;西安,18:16,18:21,3,440;兰州,21:21,-,4,620
D1909|武汉|兰州|15:15|22:02|6h47min|二等座,0.32,125;一等座,0.58,40;软卧,0.9,16|武汉,-,15:15,1,0;襄阳,16:45,16:50,2,300;西安,18:58,19:04,3,440;兰州,22:02,-,4,620
D2000|武汉|厦门|09:00|17:03|8h03min|二等座,0.32,170;一等座,0.56,58;软卧,0.86,20|武汉,-,09:00,1,0;长沙,10:47,10:51,2,360;南昌,12:35,12:40,3,350;福州,15:38,15:44,4,620;厦门,17:03,-,5,260
D2001|武汉|厦门|09:45|17:51|8h06min|二等座,0.34,165;一等座,0.58,56;软卧,0.9,20|武汉,-,09:45,1,0;长沙,11:33,11:38,2,360;南昌,13:23,13:29,3,350;福州,16:28,16:31,4,620;厦门,17:51,-,5,260
D2002|武汉|厦门|10:30|18:39|8h09min|二等座,0.36,160;一等座,0.56,54;软卧,0.86,19|武汉,-,10:30,1,0;长沙,12:19,12:25,2,360;南昌,14:11,14:14,3,350;福州,17:14,17:18,4,620;厦门,18:39,-,5,260
D2003|武汉|厦门|11:15|19:15|8h00min|二等座,0.32,155;一等座,0.58,52;软卧,0.9,19|武汉,-,11:15,1,0;长沙,13:02,13:05,2,360;南昌,14:49,14:53,3,350;福州,17:51,17:56,4,620;厦门,19:15,-,5,260
D2004|武汉|厦门|12:00|20:07|8h07min|二等座,0.34,150;一等座,0.56,50;软卧,0.86,18|武汉,-,12:00,1,0;长沙,13:48,13:52,2,360;南昌,15:37,15:42,3,350;福州,18:41,18:47,4,620;厦门,20:07,-,5,260
D2005|武汉|厦门|12:45|20:55|8h10min|二等座,0.36,145;一等座,0.58,48;软卧,0.9,18|武汉,-,12:45,1,0;长沙,14:34,14:39,2,360;南昌,16:25,16:31,3,350;福州,19:31,19:34,4,620;厦门,20:55,-,5,260
D2006|武汉|厦门|13:30|21:31|8h01min|二等座,0.32,140;一等座,0.56,46;软卧,0.86,17|武汉,-,13:30,1,0;长沙,15:17,15:23,2,360;南昌,17:07,17:10,3,350;福州,20:08,20:12,4,620;厦门,21:31,-,5,260
D2007|武汉|厦门|14:15|22:19|8h04min|二等座,0.34,135;一等座,0.58,44;软卧,0.9,17|武汉,-,14:15,1,0;长沙,16:03,16:06,2,360;南昌,17:51,17:55,3,350;福州,20:54,20:59,4,620;厦门,22:19,-,5,260
D2008|武汉|厦门|15:00|23:11|8h11min|二等座,0.36,130;一等座,0.56,42;软卧,0.86,16|武汉,-,15:00,1,0;长沙,16:49,16:53,2,360;南昌,18:39,18:44,3,350;福州,21:44,21:50,4,620;厦门,23:11,-,5,260
D2009|武汉|厦门|15:45|23:47|8h02min|二等座,0.32,125;一等座,0.58,40;软卧,0.9,16|武汉,-,15:45,1,0;长沙,17:32,17:37,2,360;南昌,19:21,19:27,3,350;福州,22:25,22:28,4,620;厦门,23:47,-,5,260
G2100|成都|北京|07:05|15:19|8h14min|二等座,0.4,142;一等座,0.7,44;商务座,1.35,12|成都,-,07:05,1,0;德阳,07:26,07:30,2,60;绵阳,08:02,08:07,3,110;西安,10:37,10:43,4,660;郑州,12:40,12:43,5,505;北京,15:19,-,6,690
G2101|成都|北京|07:50|16:09|8h19min|二等座,0.41,138;一等座,0.72,43;商务座,1.35,12|成都,-,07:50,1,0;德阳,08:12,08:17,2,60;绵阳,08:50,08:56,3,110;西安,11:27,11:30,4,660;郑州,13:28,13:32,5,505;北京,16:09,-,6,690
G2102|成都|北京|08:35|16:59|8h24min|二等座,0.42,134;一等座,0.7,42;商务座,1.35,11|成都,-,08:35,1,0;德阳,08:58,09:04,2,60;绵阳,09:38,09:41,3,110;西安,12:13,12:17,4,660;郑州,14:16,14:21,5,505;北京,16:59,-,6,690
G2103|成都|北京|09:20|17:34|8h14min|二等座,0.4,130;一等座,0.72,41;商务座,1.35,11|成都,-,09:20,1,0;德阳,09:41,09:44,2,60;绵阳,10:16,10:20,3,110;西安,12:50,12:55,4,660;郑州,14:52,14:58,5,505;北京,17:34,-,6,690
G2104|成都|北京|10:05|18:24|8h19min|二等座,0.41,126;一等座,0.7,40;商务座,1.35,10|成都,-,10:05,1,0;德阳,10:27,10:31,2,60;绵阳,11:04,11:09,3,110;西安,13:40,13:46,4,660;郑州,15:44,15:47,5,505;北京,18:24,-,6,690
G2105|成都|北京|10:50|19:14|8h24min|二等座,0.42,122;一等座,0.72,39;商务座,1.35,10|成都,-,10:50,1,0;德阳,11:13,11:18,2,60;绵阳,11:52,11:58,3,110;西安,14:30,14:33,4,660;郑州,16:32,16:36,5,505;北京,19:14,-,6,690
G2106|成都|北京|11:35|19:49|8h14min|二等座,0.4,118;一等座,0.7,38;商务座,1.35,9|成都,-,11:35,1,0;德阳,11:56,12:02,2,60;绵阳,12:34,12:37,3,110;西安,15:07,15:11,4,660;郑州,17:08,17:13,5,505;北京,19:49,-,6,690
G2107|成都|北京|12:20|20:39|8h19min|二等座,0.41,114;一等座,0.72,37;商务座,1.35,9|成都,-,12:20,1,0;德阳,12:42,12:45,2,60;绵阳,13:18,13:22,3,110;西安,15:53,15:58,4,660;郑州,17:56,18:02,5,505;北京,20:39,-,6,690
G2108|成都|北京|13:05|21:29|8h24min|二等座,0.42,110;一等座,0.7,36;商务座,1.35,8|成都,-,13:05,1,0;德阳,13:28,13:32,2,60;绵阳,14:06,14:11,3,110;西安,16:43,16:49,4,660;郑州,18:48,18:51,5,505;北京,21:29,-,6,690
G2109|成都|北京|13:50|22:04|8h14min|二等座,0.4,106;一等座,0.72,35;商务座,1.35,8|成都,-,13:50,1,0;德阳,14:11,14:16,2,60;绵阳,14:48,14:54,3,110;西安,17:24,17:27,4,660;郑州,19:24,19:28,5,505;北京,22:04,-,6,690
D2200|成都|昆明|08:15|14:19|6h04min|二等座,0.32,170;一等座,0.56,58;软卧,0.86,20|成都,-,08:15,1,0;重庆,09:48,09:52,2,310;贵阳,11:44,11:49,3,380;昆明,14:19,-,4,520
D2201|成都|昆明|09:00|15:09|6h09min|二等座,0.34,165;一等座,0.58,56;软卧,0.9,20|成都,-,09:00,1,0;重庆,10:34,10:39,2,310;贵阳,12:32,12:38,3,380;昆明,15:09,-,4,520
D2202|成都|昆明|09:45|15:55|6h10min|二等座,0.36,160;一等座,0.56,54;软卧,0.86,19|成都,-,09:45,1,0;重庆,11:20,11:26,2,310;贵阳,13:20,13:23,3,380;昆明,15:55,-,4,520
D2203|成都|昆明|10:30|16:32|6h02min|二等座,0.32,155;一等座,0.58,52;软卧,0.9,19|成都,-,10:30,1,0;重庆,12:03,12:06,2,310;贵阳,13:58,14:02,3,380;昆明,16:32,-,4,520
D2204|成都|昆明|11:15|17:22|6h07min|二等座,0.34,150;一等座,0.56,50;软卧,0.86,18|成都,-,11:15,1,0;重庆,12:49,12:53,2,310;贵阳,14:46,14:51,3,380;昆明,17:22,-,4,520
D2205|成都|昆明|12:00|18:12|6h12min|二等座,0.36,145;一等座,0.58,48;软卧,0.9,18|成都,-,12:00,1,0;重庆,13:35,13:40,2,310;贵阳,15:34,15:40,3,380;昆明,18:12,-,4,520
D2206|成都|昆明|12:45|18:49|6h04min|二等座,0.32,140;一等座,0.56,46;软卧,0.86,17|成都,-,12:45,1,0;重庆,14:18,14:24,2,310;贵阳,16:16,16:19,3,380;昆明,18:49,-,4,520
D2207|成都|昆明|13:30|19:35|6h05min|二等座,0.34,135;一等座,0.58,44;软卧,0.9,17|成都,-,13:30,1,0;重庆,15:04,15:07,2,310;贵阳,17:00,17:04,3,380;昆明,19:35,-,4,520
D2208|成都|昆明|14:15|20:25|6h10min|二等座,0.36,130;一等座,0.56,42;软卧,0.86,16|成都,-,14:15,1,0;重庆,15:50,15:54,2,310;贵阳,17:48,17:53,3,380;昆明,20:25,-,4,520
D2209|成都|昆明|15:00|21:06|6h06min|二等座,0.32,125;一等座,0.58,40;软卧,0.9,16|成都,-,15:00,1,0;重庆,16:33,16:38,2,310;贵阳,18:30,18:36,3,380;昆明,21:06,-,4,520
D2300|成都|乌鲁木齐|07:40|22:20|14h40min|二等座,0.32,170;一等座,0.56,58;软卧,0.86,20|成都,-,07:40,1,0;西宁,11:58,12:02,2,830;兰州,13:16,13:21,3,220;乌鲁木齐,22:20,-,4,1770
D2301|成都|乌鲁木齐|08:25|23:10|14h45min|二等座,0.34,165;一等座,0.58,56;软卧,0.9,20|成都,-,08:25,1,0;西宁,12:44,12:49,2,830;兰州,14:04,14:10,3,220;乌鲁木齐,23:10,-,4,1770
D2302|成都|乌鲁木齐|09:10|23:56|14h46min|二等座,0.36,160;一等座,0.56,54;软卧,0.86,19|成都,-,09:10,1,0;西宁,13:30,13:36,2,830;兰州,14:52,14:55,3,220;乌鲁木齐,23:56,-,4,1770
D2303|成都|乌鲁木齐|09:55|00:33|14h38min|二等座,0.32,155;一等座,0.58,52;软卧,0.9,19|成都,-,09:55,1,0;西宁,14:13,14:16,2,830;兰州,15:30,15:34,3,220;乌鲁木齐,00:33,-,4,1770
D2304|成都|乌鲁木齐|10:40|01:23|14h43min|二等座,0.34,150;一等座,0.56,50;软卧,0.86,18|成都,-,10:40,1,0;西宁,14:59,15:03,2,830;兰州,16:18,16:23,3,220;乌鲁木齐,01:23,-,4,1770
D2305|成都|乌鲁木齐|11:25|02:13|14h48min|二等座,0.36,145;一等座,0.58,48;软卧,0.9,18|成都,-,11:25,1,0;西宁,15:45,15:50,2,830;兰州,17:06,17:12,3,220;乌鲁木齐,02:13,-,4,1770
D2306|成都|乌鲁木齐|12:10|02:50|14h40min|二等座,0.32,140;一等座,0.56,46;软卧,0.86,17|成都,-,12:10,1,0;西宁,16:28,16:34,2,830;兰州,17:48,17:51,3,220;乌鲁木齐,02:50,-,4,1770
D2307|成都|乌鲁木齐|12:55|03:36|14h41min|二等座,0.34,135;一等座,0.58,44;软卧,0.9,17|成都,-,12:55,1,0;西宁,17:14,17:17,2,830;兰州,18:32,18:36,3,220;乌鲁木齐,03:36,-,4,1770
D2308|成都|乌鲁木齐|13:40|04:26|14h46min|二等座,0.36,130;一等座,0.56,42;软卧,0.86,16|成都,-,13:40,1,0;西宁,18:00,18:04,2,830;兰州,19:20,19:25,3,220;乌鲁木齐,04:26,-,4,1770
D2309|成都|乌鲁木齐|14:25|05:07|14h42min|二等座,0.32,125;一等座,0.58,40;软卧,0.9,16|成都,-,14:25,1,0;西宁,18:43,18:48,2,830;兰州,20:02,20:08,3,220;乌鲁木齐,05:07,-,4,1770
D2400|重庆|上海|08:25|16:57|8h32min|二等座,0.32,170;一等座,0.56,58;软卧,0.86,20|重庆,-,08:25,1,0;宜昌,11:06,11:10,2,560;武汉,12:46,12:51,3,320;南京,15:21,15:27,4,520;上海,16:57,-,5,300
D2401|重庆|上海|09:10|17:45|8h35min|二等座,0.34,165;一等座,0.58,56;软卧,0.9,20|重庆,-,09:10,1,0;宜昌,11:52,11:57,2,560;武汉,13:34,13:40,3,320;南京,16:11,16:14,4,520;上海,17:45,-,5,300
D2402|重庆|上海|09:55|18:33|8h38min|二等座,0.36,160;一等座,0.56,54;软卧,0.86,19|重庆,-,09:55,1,0;宜昌,12:38,12:44,2,560;武汉,14:22,14:25,3,320;南京,16:57,17:01,4,520;上海,18:33,-,5,300
D2403|重庆|上海|10:40|19:09|8h29min|二等座,0.32,155;一等座,0.58,52;软卧,0.9,19|重庆,-,10:40,1,0;宜昌,13:21,13:24,2,560;武汉,15:00,15:04,3,320;南京,17:34,17:39,4,520;上海,19:09,-,5,300
D2404|重庆|上海|11:25|20:01|8h36min|二等座,0.34,150;一等座,0.56,50;软卧,0.86,18|重庆,-,11:25,1,0;宜昌,14:07,14:11,2,560;武汉,15:48,15:53,3,320;南京,18:24,18:30,4,520;上海,20:01,-,5,300
D2405|重庆|上海|12:10|20:49|8h39min|二等座,0.36,145;一等座,0.58,48;软卧,0.9,18|重庆,-,12:10,1,0;宜昌,14:53,14:58,2,560;武汉,16:36,16:42,3,320;南京,19:14,19:17,4,520;上海,20:49,-,5,300
D2406|重庆|上海|12:55|21:25|8h30min|二等座,0.32,140;一等座,0.56,46;软卧,0.86,17|重庆,-,12:55,1,0;宜昌,15:36,15:42,2,560;武汉,17:18,17:21,3,320;南京,19:51,19:55,4,520;上海,21:25,-,5,300
D2407|重庆|上海|13:40|22:13|8h33min|二等座,0.34,135;一等座,0.58,44;软卧,0.9,17|重庆,-,13:40,1,0;宜昌,16:22,16:25,2,560;武汉,18:02,18:06,3,320;南京,20:37,20:42,4,520;上海,22:13,-,5,300
D2408|重庆|上海|14:25|23:05|8h40min|二等座,0.36,130;一等座,0.56,42;软卧,0.86,16|重庆,-,14:25,1,0;宜昌,17:08,17:12,2,560;武汉,18:50,18:55,3,320;南京,21:27,21:33,4,520;上海,23:05,-,5,300
D2409|重庆|上海|15:10|23:41|8h31min|二等座,0.32,125;一等座,0.58,40;软卧,0.9,16|重庆,-,15:10,1,0;宜昌,17:51,17:56,2,560;武汉,19:32,19:38,3,320;南京,22:08,22:11,4,520;上海,23:41,-,5,300
D2500|西安|青岛|09:30|15:11|5h41min|二等座,0.32,170;一等座,0.56,58;软卧,0.86,20|西安,-,09:30,1,0;郑州,11:40,11:44,2,505;济南,13:24,13:29,3,380;青岛,15:11,-,4,390
D2501|西安|青岛|10:15|16:01|5h46min|二等座,0.34,165;一等座,0.58,56;软卧,0.9,20|西安,-,10:15,1,0;郑州,12:26,12:31,2,505;济南,14:12,14:18,3,380;青岛,16:01,-,4,390
D2502|西安|青岛|11:00|16:47|5h47min|二等座,0.36,160;一等座,0.56,54;软卧,0.86,19|西安,-,11:00,1,0;郑州,13:12,13:18,2,505;济南,15:00,15:03,3,380;青岛,16:47,-,4,390
D2503|西安|青岛|11:45|17:24|5h39min|二等座,0.32,155;一等座,0.58,52;软卧,0.9,19|西安,-,11:45,1,0;郑州,13:55,13:58,2,505;济南,15:38,15:42,3,380;青岛,17:24,-,4,390
D2504|西安|青岛|12:30|18:14|5h44min|二等座,0.34,150;一等座,0.56,50;软卧,0.86,18|西安,-,12:30,1,0;郑州,14:41,14:45,2,505;济南,16:26,16:31,3,380;青岛,18:14,-,4,390
D2505|西安|青岛|13:15|19:04|5h49min|二等座,0.36,145;一等座,0.58,48;软卧,0.9,18|西安,-,13:15,1,0;郑州,15:27,15:32,2,505;济南,17:14,17:20,3,380;青岛,19:04,-,4,390
D2506|西安|青岛|14:00|19:41|5h41min|二等座,0.32,140;一等座,0.56,46;软卧,0.86,17|西安,-,14:00,1,0;郑州,16:10,16:16,2,505;济南,17:56,17:59,3,380;青岛,19:41,-,4,390
D2507|西安|青岛|14:45|20:27|5h42min|二等座,0.34,135;一等座,0.58,44;软卧,0.9,17|西安,-,14:45,1,0;郑州,16:56,16:59,2,505;济南,18:40,18:44,3,380;青岛,20:27,-,4,390
D2508|西安|青岛|15:30|21:17|5h47min|二等座,0.36,130;一等座,0.56,42;软卧,0.86,16|西安,-,15:30,1,0;郑州,17:42,17:46,2,505;济南,19:28,19:33,3,380;青岛,21:17,-,4,390
D2509|西安|青岛|16:15|21:58|5h43min|二等座,0.32,125;一等座,0.58,40;软卧,0.9,16|西安,-,16:15,1,0;郑州,18:25,18:30,2,505;济南,20:10,20:16,3,380;青岛,21:58,-,4,390
D2600|西安|乌鲁木齐|08:00|22:12|14h12min|二等座,0.32,170;一等座,0.56,58;软卧,0.86,20|西安,-,08:00,1,0;兰州,11:14,11:18,2,620;西宁,12:32,12:37,3,220;乌鲁木齐,22:12,-,4,1890
D2601|西安|乌鲁木齐|08:45|23:02|14h17min|二等座,0.34,165;一等座,0.58,56;软卧,0.9,20|西安,-,08:45,1,0;兰州,12:00,12:05,2,620;西宁,13:20,13:26,3,220;乌鲁木齐,23:02,-,4,1890
D2602|西安|乌鲁木齐|09:30|23:48|14h18min|二等座,0.36,160;一等座,0.56,54;软卧,0.86,19|西安,-,09:30,1,0;兰州,12:46,12:52,2,620;西宁,14:08,14:11,3,220;乌鲁木齐,23:48,-,4,1890
D2603|西安|乌鲁木齐|10:15|00:25|14h10min|二等座,0.32,155;一等座,0.58,52;软卧,0.9,19|西安,-,10:15,1,0;兰州,13:29,13:32,2,620;西宁,14:46,14:50,3,220;乌鲁木齐,00:25,-,4,1890
D2604|西安|乌鲁木齐|11:00|01:15|14h15min|二等座,0.34,150;一等座,0.56,50;软卧,0.86,18|西安,-,11:00,1,0;兰州,14:15,14:19,2,620;西宁,15:34,15:39,3,220;乌鲁木齐,01:15,-,4,1890
D2605|西安|乌鲁木齐|11:45|02:05|14h20min|二等座,0.36,145;一等座,0.58,48;软卧,0.9,18|西安,-,11:45,1,0;兰州,15:01,15:06,2,620;西宁,16:22,16:28,3,220;乌鲁木齐,02:05,-,4,1890
D2606|西安|乌鲁木齐|12:30|02:42|14h12min|二等座,0.32,140;一等座,0.56,46;软卧,0.86,17|西安,-,12:30,1,0;兰州,15:44,15:50,2,620;西宁,17:04,17:07,3,220;乌鲁木齐,02:42,-,4,1890
D2607|西安|乌鲁木齐|13:15|03:28|14h13min|二等座,0.34,135;一等座,0.58,44;软卧,0.9,17|西安,-,13:15,1,0;兰州,16:30,16:33,2,620;西宁,17:48,17:52,3,220;乌鲁木齐,03:28,-,4,1890
D2608|西安|乌鲁木齐|14:00|04:18|14h18min|二等座,0.36,130;一等座,0.56,42;软卧,0.86,16|西安,-,14:00,1,0;兰州,17:16,17:20,2,620;西宁,18:36,18:41,3,220;乌鲁木齐,04:18,-,4,1890
D2609|西安|乌鲁木齐|14:45|04:59|14h14min|二等座,0.32,125;一等座,0.58,40;软卧,0.9,16|西安,-,14:45,1,0;兰州,17:59,18:04,2,620;西宁,19:18,19:24,3,220;乌鲁木齐,04:59,-,4,1890
D2700|昆明|武汉|07:55|16:02|8h07min|二等座,0.32,170;一等座,0.56,58;软卧,0.86,20|昆明,-,07:55,1,0;贵阳,10:25,10:29,2,520;长沙,14:10,14:15,3,780;武汉,16:02,-,4,360
D2701|昆明|武汉|08:40|16:52|8h12min|二等座,0.34,165;一等座,0.58,56;软卧,0.9,20|昆明,-,08:40,1,0;贵阳,11:11,11:16,2,520;长沙,14:58,15:04,3,780;武汉,16:52,-,4,360
D2702|昆明|武汉|09:25|17:38|8h13min|二等座,0.36,160;一等座,0.56,54;软卧,0.86,19|昆明,-,09:25,1,0;贵阳,11:57,12:03,2,520;长沙,15:46,15:49,3,780;武汉,17:38,-,4,360
D2703|昆明|武汉|10:10|18:15|8h05min|二等座,0.32,155;一等座,0.58,52;软卧,0.9,19|昆明,-,10:10,1,0;贵阳,12:40,12:43,2,520;长沙,16:24,16:28,3,780;武汉,18:15,-,4,360
D2704|昆明|武汉|10:55|19:05|8h10min|二等座,0.34,150;一等座,0.56,50;软卧,0.86,18|昆明,-,10:55,1,0;贵阳,13:26,13:30,2,520;长沙,17:12,17:17,3,780;武汉,19:05,-,4,360
D2705|昆明|武汉|11:40|19:55|8h15min|二等座,0.36,145;一等座,0.58,48;软卧,0.9,18|昆明,-,11:40,1,0;贵阳,14:12,14:17,2,520;长沙,18:00,18:06,3,780;武汉,19:55,-,4,360
D2706|昆明|武汉|12:25|20:32|8h07min|二等座,0.32,140;一等座,0.56,46;软卧,0.86,17|昆明,-,12:25,1,0;贵阳,14:55,15:01,2,520;长沙,18:42,18:45,3,780;武汉,20:32,-,4,360
D2707|昆明|武汉|13:10|21:18|8h08min|二等座,0.34,135;一等座,0.58,44;软卧,0.9,17|昆明,-,13:10,1,0;贵阳,15:41,15:44,2,520;长沙,19:26,19:30,3,780;武汉,21:18,-,4,360
D2708|昆明|武汉|13:55|22:08|8h13min|二等座,0.36,130;一等座,0.56,42;软卧,0.86,16|昆明,-,13:55,1,0;贵阳,16:27,16:31,2,520;长沙,20:14,20:19,3,780;武汉,22:08,-,4,360
D2709|昆明|武汉|14:40|22:49|8h09min|二等座,0.32,125;一等座,0.58,40;软卧,0.9,16|昆明,-,14:40,1,0;贵阳,17:10,17:15,2,520;长沙,20:56,21:02,3,780;武汉,22:49,-,4,360
D2800|南宁|武汉|08:45|15:23|6h38min|二等座,0.32,170;一等座,0.56,58;软卧,0.86,20|南宁,-,08:45,1,0;桂林,10:51,10:55,2,430;长沙,13:31,13:36,3,540;武汉,15:23,-,4,360
D2801|南宁|武汉|09:30|16:13|6h43min|二等座,0.34,165;一等座,0.58,56;软卧,0.9,20|南宁,-,09:30,1,0;桂林,11:37,11:42,2,430;长沙,14:19,14:25,3,540;武汉,16:13,-,4,360
D2802|南宁|武汉|10:15|16:59|6h44min|二等座,0.36,160;一等座,0.56,54;软卧,0.86,19|南宁,-,10:15,1,0;桂林,12:23,12:29,2,430;长沙,15:07,15:10,3,540;武汉,16:59,-,4,360
D2803|南宁|武汉|11:00|17:36|6h36min|二等座,0.32,155;一等座,0.58,52;软卧,0.9,19|南宁,-,11:00,1,0;桂林,13:06,13:09,2,430;长沙,15:45,15:49,3,540;武汉,17:36,-,4,360
D2804|南宁|武汉|11:45|18:26|6h41min|二等座,0.34,150;一等座,0.56,50;软卧,0.86,18|南宁,-,11:45,1,0;桂林,13:52,13:56,2,430;长沙,16:33,16:38,3,540;武汉,18:26,-,4,360
D2805|南宁|武汉|12:30|19:16|6h46min|二等座,0.36,145;一等座,0.58,48;软卧,0.9,18|南宁,-,12:30,1,0;桂林,14:38,14:43,2,430;长沙,17:21,17:27,3,540;武汉,19:16,-,4,360
D2806|南宁|武汉|13:15|19:53|6h38min|二等座,0.32,140;一等座,0.56,46;软卧,0.86,17|南宁,-,13:15,1,0;桂林,15:21,15:27,2,430;长沙,18:03,18:06,3,540;武汉,19:53,-,4,360
D2807|南宁|武汉|14:00|20:39|6h39min|二等座,0.34,135;一等座,0.58,44;软卧,0.9,17|南宁,-,14:00,1,0;桂林,16:07,16:10,2,430;长沙,18:47,18:51,3,540;武汉,20:39,-,4,360
D2808|南宁|武汉|14:45|21:29|6h44min|二等座,0.36,130;一等座,0.56,42;软卧,0.86,16|南宁,-,14:45,1,0;桂林,16:53,16:57,2,430;长沙,19:35,19:40,3,540;武汉,21:29,-,4,360
D2809|南宁|武汉|15:30|22:10|6h40min|二等座,0.32,125;一等座,0.58,40;软卧,0.9,16|南宁,-,15:30,1,0;桂林,17:36,17:41,2,430;长沙,20:17,20:23,3,540;武汉,22:10,-,4,360
Z2900|海口|北京|16:20|11:43|19h23min|硬座,0.18,220;硬卧,0.28,72;软卧,0.42,26|海口,-,16:20,1,0;广州,20:40,20:44,2,670;长沙,01:19,01:24,3,710;武汉,03:47,03:53,4,360;郑州,07:13,07:16,5,510;北京,11:43,-,6,690
Z2901|海口|北京|17:05|12:33|19h28min|硬座,0.18,212;硬卧,0.28,69;软卧,0.42,26|海口,-,17:05,1,0;广州,21:26,21:31,2,670;长沙,02:07,02:13,3,710;武汉,04:37,04:40,4,360;郑州,08:01,08:05,5,510;北京,12:33,-,6,690
Z2902|海口|北京|17:50|13:23|19h33min|硬座,0.18,204;硬卧,0.28,66;软卧,0.42,25|海口,-,17:50,1,0;广州,22:12,22:18,2,670;长沙,02:55,02:58,3,710;武汉,05:23,05:27,4,360;郑州,08:49,08:54,5,510;北京,13:23,-,6,690
Z2903|海口|北京|18:35|13:58|19h23min|硬座,0.18,196;硬卧,0.28,63;软卧,0.42,25|海口,-,18:35,1,0;广州,22:55,22:58,2,670;长沙,03:33,03:37,3,710;武汉,06:00,06:05,4,360;郑州,09:25,09:31,5,510;北京,13:58,-,6,690
Z2904|海口|北京|19:20|14:48|19h28min|硬座,0.18,188;硬卧,0.28,60;软卧,0.42,24|海口,-,19:20,1,0;广州,23:41,23:45,2,670;长沙,04:21,04:26,3,710;武汉,06:50,06:56,4,360;郑州,10:17,10:20,5,510;北京,14:48,-,6,690
Z2905|海口|北京|20:05|15:38|19h33min|硬座,0.18,180;硬卧,0.28,57;软卧,0.42,24|海口,-,20:05,1,0;广州,00:27,00:32,2,670;长沙,05:09,05:15,3,710;武汉,07:40,07:43,4,360;郑州,11:05,11:09,5,510;北京,15:38,-,6,690
Z2906|海口|北京|20:50|16:13|19h23min|硬座,0.18,172;硬卧,0.28,54;软卧,0.42,23|海口,-,20:50,1,0;广州,01:10,01:16,2,670;长沙,05:51,05:54,3,710;武汉,08:17,08:21,4,360;郑州,11:41,11:46,5,510;北京,16:13,-,6,690
Z2907|海口|北京|21:35|17:03|19h28min|硬座,0.18,164;硬卧,0.28,51;软卧,0.42,23|海口,-,21:35,1,0;广州,01:56,01:59,2,670;长沙,06:35,06:39,3,710;武汉,09:03,09:08,4,360;郑州,12:29,12:35,5,510;北京,17:03,-,6,690
Z2908|海口|北京|22:20|17:53|19h33min|硬座,0.18,156;硬卧,0.28,48;软卧,0.42,22|海口,-,22:20,1,0;广州,02:42,02:46,2,670;长沙,07:23,07:28,3,710;武汉,09:53,09:59,4,360;郑州,13:21,13:24,5,510;北京,17:53,-,6,690
Z2909|海口|北京|23:05|18:28|19h23min|硬座,0.18,148;硬卧,0.28,45;软卧,0.42,22|海口,-,23:05,1,0;广州,03:25,03:30,2,670;长沙,08:05,08:11,3,710;武汉,10:34,10:37,4,360;郑州,13:57,14:01,5,510;北京,18:28,-,6,690
D3000|杭州|西安|08:35|16:07|7h32min|二等座,0.32,170;一等座,0.56,58;软卧,0.86,20|杭州,-,08:35,1,0;合肥,10:41,10:45,2,430;武汉,12:32,12:37,3,360;西安,16:07,-,4,740
D3001|杭州|西安|09:20|16:57|7h37min|二等座,0.34,165;一等座,0.58,56;软卧,0.9,20|杭州,-,09:20,1,0;合肥,11:27,11:32,2,430;武汉,13:20,13:26,3,360;西安,16:57,-,4,740
D3002|杭州|西安|10:05|17:43|7h38min|二等座,0.36,160;一等座,0.56,54;软卧,0.86,19|杭州,-,10:05,1,0;合肥,12:13,12:19,2,430;武汉,14:08,14:11,3,360;西安,17:43,-,4,740
D3003|杭州|西安|10:50|18:20|7h30min|二等座,0.32,155;一等座,0.58,52;软卧,0.9,19|杭州,-,10:50,1,0;合肥,12:56,12:59,2,430;武汉,14:46,14:50,3,360;西安,18:20,-,4,740
D3004|杭州|西安|11:35|19:10|7h35min|二等座,0.34,150;一等座,0.56,50;软卧,0.86,18|杭州,-,11:35,1,0;合肥,13:42,13:46,2,430;武汉,15:34,15:39,3,360;西安,19:10,-,4,740
D3005|杭州|西安|12:20|20:00|7h40min|二等座,0.36,145;一等座,0.58,48;软卧,0.9,18|杭州,-,12:20,1,0;合肥,14:28,14:33,2,430;武汉,16:22,16:28,3,360;西安,20:00,-,4,740
D3006|杭州|西安|13:05|20:37|7h32min|二等座,0.32,140;一等座,0.56,46;软卧,0.86,17|杭州,-,13:05,1,0;合肥,15:11,15:17,2,430;武汉,17:04,17:07,3,360;西安,20:37,-,4,740
D3007|杭州|西安|13:50|21:23|7h33min|二等座,0.34,135;一等座,0.58,44;软卧,0.9,17|杭州,-,13:50,1,0;合肥,15:57,16:00,2,430;武汉,17:48,17:52,3,360;西安,21:23,-,4,740
D3008|杭州|西安|14:35|22:13|7h38min|二等座,0.36,130;一等座,0.56,42;软卧,0.86,16|杭州,-,14:35,1,0;合肥,16:43,16:47,2,430;武汉,18:36,18:41,3,360;西安,22:13,-,4,740
D3009|杭州|西安|15:20|22:54|7h34min|二等座,0.32,125;一等座,0.58,40;软卧,0.9,16|杭州,-,15:20,1,0;合肥,17:26,17:31,2,430;武汉,19:18,19:24,3,360;西安,22:54,-,4,740
